% Concordance,Rombos-LLM-V2.5-Qwen-32b-scores,oxyge1-33B-scores,Lamarck-14B-v0.6,ultiima-32B-scores,TheBeagle-v2beta-32B-MGS-scores,Qwentile2.5-32B-Instruct-scores
25,0.0,0.0,0.0,0.0,0.0,0.0
50,0.28,0.24,0.4782608695652174,0.2916666666666667,0.3333333333333333,0.10714285714285714
75,0.21428571428571427,0.1724137931034483,0.2692307692307692,0.5142857142857142,0.22857142857142856,0.12903225806451613
100,0.21951219512195122,0.1282051282051282,0.20454545454545456,0.4166666666666667,0.3055555555555556,0.11428571428571428
